"id;platform;category;caption;hashtag;url;text_for_tfidf;likes;views;comments;engagement_rate;is_popular;share;save;created_at"
"pPTMxejWh_s;youtube;masakan;;[];https://www.youtube.com/watch?v=pPTMxejWh_s;;4601;574944;51;0.81;0;;;"
"mMF8WBTzI_c;youtube;masakan;;[];https://www.youtube.com/watch?v=mMF8WBTzI_c;;46662;1208278;101;3.87;1;;;"
"HxOxOBHtUk8;youtube;masakan;;[];https://www.youtube.com/watch?v=HxOxOBHtUk8;;11019;897509;150;1.24;0;;;"
"MwBr99t9KME;youtube;masakan;;[];https://www.youtube.com/watch?v=MwBr99t9KME;;85075;4674440;435;1.83;1;;;"
"dMBTkA-p1nM;youtube;masakan;;[];https://www.youtube.com/watch?v=dMBTkA-p1nM;;79614;2857850;240;2.79;1;;;"
"r8mEt0beCx0;youtube;masakan;;[];https://www.youtube.com/watch?v=r8mEt0beCx0;;67261;5748425;588;1.18;0;;;"
"4-igaXIBgoM;youtube;masakan;;[];https://www.youtube.com/watch?v=4-igaXIBgoM;;113047;1922741;272;5.89;1;;;"
"LYRvp1LRGNE;youtube;masakan;;[];https://www.youtube.com/watch?v=LYRvp1LRGNE;;104243;8489251;446;1.23;0;;;"
"hmCZDutQZFk;youtube;masakan;;[];https://www.youtube.com/watch?v=hmCZDutQZFk;;13166;1113140;67;1.19;0;;;"
"ud4pGO9ibVw;youtube;masakan;;[];https://www.youtube.com/watch?v=ud4pGO9ibVw;;25786;1372543;59;1.88;1;;;"
"Fhr4DTVROLE;youtube;masakan;;[];https://www.youtube.com/watch?v=Fhr4DTVROLE;;44955;1893722;111;2.38;1;;;"
"voR0-PbmdY8;youtube;masakan;""9 RESEP MASAKAN SAYUR SEHARI-HARI MUDAH DAN LEZAT || SEMUA ORANG MENYUKAINYA"
"#fluffykasih #resepmasakan #semua_resep "
"---------------------------------"
"Subscribe Fluffy Kasih FREE"
"https://bit.ly/SubscribeFluffyKasih"
"https://youtube.com/c/CintaLala"
"Follow juga Instagram Fluffy Kasih "
"https://www.instagram.com/fluffy_kasih/ "
"---------------------------------------"
"RESEP  1 (00:00-03:14)"
"BAHAN:"
"-1 labu siem"
"-5 tempe"
"-5 tahu"
"-2 genggam daun mlinjo"
"-1 liter santan dari satu butir kelapa"
"BUMBU HALUS:"
"-12 bawang merah"
"-3 bawang putih"
"-2 kemiri"
"-1sdt ketumbar"
"BUMBU LAINNYA:"
"-3 daun salam"
"-1 sereh"
"-garam secukupnya"
"-penyedap rasa secukupnya"
"-gula merah secukupnya"
"RESEP 2 (03:17-06:46)"
"BAHAN:"
"-500 gram oyong"
"-300 gram tempe"
"-minyak goreng secukupnya"
"BUMBU IRIS:"
"-10 bawang merah"
"-3 bawang putih"
"-10 cabai hijau besar"
"-10 cabai merah keriting"
"BUMBU LAINNYA:"
"-2 daun salam"
"-garam secukupnya"
"-penyedap rasa secukupnya"
"-gula Jawa secukupnya"
"RESEP 3 (06:45-10:10)"
"BAHAN:"
"-3 batang sawi"
"-2 wortel ukuran kecil"
"-segenggam toge "
"-2 tomat"
"-2 telur "
"BUMBU HALUS:"
"-8 cabai merah keriting"
"-6 bawang merah"
"-2 bawang putih"
"BUMBU LAINNYA:"
"-garam secukupnya"
"-penyedap rasa secukupnya"
"-gula pasir secukupnya"
"RESEP  4 (10:14-13:53)"
"TUMIS DAUN SINGKONG"
"BAHAN:"
"-2 ikat daun singkong"
"-1 genggam ikan teri"
"-segenggam Pete"
"-minyak goreng secukupnya"
"BUMBU HALUS:"
"-12 bawang merah"
"-8 bawang putih"
"-15 cabai merah keriting"
"BUMBU LAINNYA:"
"-garam secukupnya"
"-penyedap rasa secukupnya"
"-gula pasir/merah secara"
"RESEP  5 (13:54-16:42)"
"BAHAN:"
"-2 genggam toge"
"-400 gram tahu"
"-100 ml air"
"-minyak goreng secukupnya"
"BUMBU IRIS:"
"-15 cabai merah besar & cabai merah keriting"
"-8 bawang merah"
"-4 bawang putih"
"-4 tomat kecil kalo besar 1 aja"
"BUMBU LAINNYA:"
"-2 sdm kecap manis"
"-garam secukupnya"
"-penyedap rasa secukupnya"
"-gula pasir secukupnya"
"RESEP  6 (16:47-20:03)"
"GULAI KUBIS "
"-400 gram kubis"
"-1 liter santan dari satu butir kelapa"
"-minyak goreng secukupnya"
"BUMBU HALUS:"
"-8 cabai merah keriting"
"-6 cabai hijau besar"
"-8 bawang merah"
"-2 bawang putih"
"-2 cm jahe"
"-1 kemiri"
"-3 cm kunyit"
"-1/2 sdt merica"
"BUMBU LAINNYA:"
"-2 kapulaga"
"-2 daun kunyit"
"-3 daun salam"
"-4 cm kayumanis"
"-2 kembang peka"
"-garam secukupnya"
"-penyedap rasa secukupnya"
"-gula pasir secukupnya"
"RESEP  7 (20:06-23:37)"
"BAHAN:"
"-2 kol ukuran sedang"
"-6 tahu coklat kotak"
"-minyak goreng secukupnya "
"BUMBU:"
"-15 cabai merah keriting"
"-10 bawang merah"
"-8 bawang putih"
"-2 daun salam"
"-garam secukupnya"
"-gula pasir secukupnya"
"-penyedap rasa secukupnya"
"RESEP  8 (23:42-27:46)"
"JANGAN GORI"
"BAHAN:"
"-1 kg Bangka muda"
"-1 liter air"
"-700 ml santan kental dari satu butir kelapa"
"-minyak goreng secukupnya"
"BUMBU HALUS:"
"-20 cabai merah keriting"
"-15 bawang merah"
"-10 bawang putih"
"-2 cm kunyit"
"-3 kemiri "
"BUMBU LAINNYA:"
"-2 sereh"
"-1 jempol lengkuas"
"-3 daun salam"
"-3 sdm gula pasir"
"-garam secukupnya"
"-penyedap rasa secukupnya"
"RESEP  9 (27:49:32:26)"
"BAHAN:"
"-500 gram oyong"
"-300 gram tempe"
"-segenggam teri"
"-minyak goreng secukupnya"
"BUMBU HALUS:"
"-15 cabai merah keriting "
"-10 bawang merah"
"-6 bawang putih"
"-2 kemiri"
"-1 sdt ketumbar"
"BUMBU LAINNYA:"
"-2 jempol gula merah"
"-garam secukupnya"
"Vem1lNnY8_g;youtube;masakan;;[];https://www.youtube.com/watch?v=Vem1lNnY8_g;;42703;2951683;496;1.46;1;;;"
"kOlwNWnSlvk;youtube;masakan;""Resep Ayam Filet Saus Mentega (untuk 3 porsi)"
"Bahan marinasi:"
"350 gr paha ayam filet"
"¬Ω buah jeruk nipis"
"2 sdm maizena"
"¬Ω sdm kaldu bubuk"
"Bahan lainnya:"
"1 sdm minyak"
"1 sdm margarin"
"2 sdm kecap manis"
"1 sdm saus tiram"
"¬Ω sdt kecap maggi"
"Pelengkap:"
"nasi putih"
"daun bawang"
"jeruk limau"
"biji wijen panggang"
"Cara membuat:"
"4. Ayam filet saus mentega siap disajikan"";[];https://www.youtube.com/watch?v=kOlwNWnSlvk;resep ayam filet saus mentega porsi bahan marina paha ayam filet buah jeruk nipis sdm maizena sdm kaldu bubuk bahan buah bawang bombai iris siung bawang putih cincang kasar sdm minyak sdm margarin sdm kecap manis sdm saus tiram sdt kecap mag pel kap nasi putih daun bawang jeruk limau biji wijen panggang mem marina ayam peras jeruk nipis maizena kaldu bubuk aduk diam selam menit panas minyak masak ayam kering eco kelat sisih potong potong tumis bawang putih bawang bombai wangi masuk ayam kecap manis saus tiram kecap mag margarin masak api ayam filet saus mentega dis aji;14946;479817;48;3.12;1;;;"
"aeZe_ogJEWA;youtube;masakan;;[];https://www.youtube.com/watch?v=aeZe_ogJEWA;;58957;1434831;150;4.12;1;;;"
"BKNkDbxbs1o;youtube;masakan;""TUMIS PARE TETAP HIJAU DAN NGGA PAHIT  @AmuyKitchen "
"#simplefood #tumispare #resepmasakan #chinesefood #masaktumisparetetaphijaudannggapahit"
"#masaktumispare"
"#masakanhongkongseharihari "
"#masakbuatmajikan "
"#reseptumispare #resepmudah #resepsimpel #menufavoritkeluarga #menusimpel #menusederhana #menusatset #cooking #olahanpare #osenngpare"
"#tumisparekacangkedelaihitam"
"#tumisparesundaitaosi"
"#easyrecipe #easycooking #stirfriedvegetables "
"#stirfriedbittergourd"
"#bittergourd #bittergourdstirfrywithbeef"
"#bittergourdinblackbeansauce"
"#chineseresto #terongbalado #tumisbuncis"
"#tumiskangkungterasi #tumissawihijau #kulinerasia #masakanchinese #masakanindonesia #masakanhongkong #bmihongkong #tkwhongkong "
"Tags :"
"L7GJZfU9wmE;youtube;masakan;;[];https://www.youtube.com/watch?v=L7GJZfU9wmE;;31052;2011239;201;1.55;1;;;"
"NmOFheRE8Cs;youtube;masakan;""Beef stew"
"Bahan : "
"400 gram daging sapi "
"2 wortel"
"3 kentang"
"1500ml air"
"Bumbu daging : "
"1 sdt garam"
"1/2 sdt lada hitam"
"1 sdt bawang putih bubuk"
"1 sdt paprika bubuk"
"2 sdm kecap Inggris"
"1 sdm tepung terigu"
"Bumbu stew : "
"1 bawang bombay "
"7 bawang putih"
"2 daun salam"
"3 batang seledri"
"1 sdt rosemary"
"1 sdt thyme"
"garam"
"1 sdt lada hitam"
"1 bks kecil kaldu rasa sapi"
"3 tomat"
"."
"."
"Bahan‚Äù:"
"5 cabe keriting"
"5 siung bawang putih"
"."
"Potong‚Äù 500gr paha fillet"
"dan oseng sampai matang"
"Tiriskan ayam lalu oseng bumbu halus"
"dgn minyak sisa tumisan ayam"
"Setelah harum masukan kembali ayam"
"tambahkan 1sdt garam & 1/2 sdt kaldu jamur"
"peras 2 jeruk limo dan"
"taburi dgn daun bawang"
"."
"Tinggal di campur sama nasi anget deh.."
"Slamat mencoba!"
"."
"#enakbeud"
"."
"Pt2A2NYLA2Q;youtube;masakan;;[];https://www.youtube.com/watch?v=Pt2A2NYLA2Q;;23242;3080627;105;0.76;0;;;"
"za1VyuvJCBI;youtube;masakan;;[];https://www.youtube.com/watch?v=za1VyuvJCBI;;3751;491378;8;0.76;0;;;"
"YUVdyg8Ih64;youtube;masakan;;[];https://www.youtube.com/watch?v=YUVdyg8Ih64;;43115;2704442;282;1.6;1;;;"
"IaYZvxlWcW4;youtube;masakan;;[];https://www.youtube.com/watch?v=IaYZvxlWcW4;;152122;11172983;980;1.37;1;;;"
"69VYyszBWNo;youtube;masakan;;[];https://www.youtube.com/watch?v=69VYyszBWNo;;48927;1939481;96;2.53;1;;;"
"0VFg_bAccwc;youtube;masakan;;[];https://www.youtube.com/watch?v=0VFg_bAccwc;;41936;3039600;565;1.4;1;;;"
"47mGX6GnOOU;youtube;masakan;;[];https://www.youtube.com/watch?v=47mGX6GnOOU;;7110;1070340;31;0.67;0;;;"
"N8Gksc5fuqg;youtube;masakan;;[];https://www.youtube.com/watch?v=N8Gksc5fuqg;;404120;8062092;387;5.02;1;;;"
"KgKQRPdZJsU;youtube;masakan;;[];https://www.youtube.com/watch?v=KgKQRPdZJsU;;843;87129;18;0.99;0;;;"
"rkOCftLLEZ4;youtube;masakan;;[];https://www.youtube.com/watch?v=rkOCftLLEZ4;;20923;1869942;107;1.12;0;;;"
"bPlNkOQFO0M;youtube;masakan;;[];https://www.youtube.com/watch?v=bPlNkOQFO0M;;3330;986107;35;0.34;0;;;"
"TyrsA8FI0v0;youtube;masakan;;[];https://www.youtube.com/watch?v=TyrsA8FI0v0;;33770;817661;130;4.15;1;;;"
"Ikan asam pedas belimbing wuluh"
"Bahan bagan "
"350 gram ikan(jenis ikan sesuai selera)"
"Belimbing wuluh 6 bj"
"Daun jeruk"
"Serai(me skip)"
"Bumbu halus "
"Bawang merah 7 siung"
"Bawang putih 3 siung"
"Cabe merah 10 btg"
"Cabe rawit merah 4 btg"
"Kunyit "
"Jahe sejempol"
"Kemiri 2 buah"
"Lengkuas 3 cm"
"LIMmJj2ZdzY;youtube;masakan;;[];https://www.youtube.com/watch?v=LIMmJj2ZdzY;;17276;2376875;146;0.73;0;;;"
"zDlBG1m2WvM;youtube;masakan;""Hai bunda.....  Nih aku berbagi resep rica rica ayam yang rasanya uenak tenan pedesnya nampol.... "
"Selamat mencoba..."";[];https://www.youtube.com/watch?v=zDlBG1m2WvM;hai bunda nih ber resep rica rica ayam rasan enak ten pedes nam pol selamat men coba;8322;1614948;241;0.53;0;;;"
"b7GFAIHl8e0;youtube;masakan;""**Resep Sarapan Praktis: Telur Sarang Sayur**"
"### Bahan-Bahan:"
"- 1 sendok makan tepung terigu"
"- 1 butir telur"
"- 1/4 sendok teh garam laut"
"- 1/4 sendok teh lada hitam bubuk"
"- Minyak goreng secukupnya untuk mengolesi panci"
"### Cara Membuat:"
"#### Langkah 1: Menyiapkan Adonan Sayur"
"2. **Tambahkan Tepung dan Telur:** Tambahkan 1 sendok makan tepung terigu dan pecahkan satu butir telur ke dalam mangkuk."
"3. **Bumbui:** Beri garam laut dan lada hitam secukupnya. Aduk semua bahan hingga rata sehingga membentuk adonan sayur."
"#### Langkah 2: Memasak Telur Sarang Sayur"
"1. **Panaskan Panci:** Olesi panci anti lengket dengan sedikit minyak goreng dan panaskan dengan api sedang."
"#### Langkah 3: Penyajian"
"2. **Siap Dinikmati:** Telur sarang sayur yang rendah kalori dan bergizi siap untuk disantap sebagai sarapan praktis."
"weFWir-51Sw;youtube;masakan;;[];https://www.youtube.com/watch?v=weFWir-51Sw;;7214;313330;17;2.31;0;;;"
"RPpuXbTZJhY;youtube;masakan;;[];https://www.youtube.com/watch?v=RPpuXbTZJhY;;8896;1660323;70;0.54;0;;;"
"XXI_fNGrTvg;youtube;masakan;""Resep Udang Tumis Tomat (untuk 3 porsi)"
"Bahan marinasi udang:"
"275 gr udang kupas frozen"
"3 sdm maizena"
"¬º sdt merica"
"1 sdt kaldu bubuk"
"Bahan lainnya:"
"1 sdm saus tiram"
"3 sdm saus tomat (opsional)"
"1 sdm saus sambal"
"75 ml air"
"1 sdt gula pasir"
"Pelengkap:"
"nasi putih"
"iceberg lettuce"
"Cara membuat:"
"4. Masukkan udang yang sudah digoreng dan masak hingga meresap"
"5. Udang saus tomat siap disajikan"";[];https://www.youtube.com/watch?v=XXI_fNGrTvg;resep udang tumis tomat porsi bahan marina udang udang kupas frozen sdm maizena sdt merica sdt kaldu bubuk bahan buah bawang bombai potong kotak siung bawang putih cincang jahe cincang sdm saus tiram sdm saus tomat opsional sdm saus sambal air sdt gula pasir pel kap nasi putih iceberg lettuce mem marina udang maizena merica kaldu bubuk aduk diam panas minyak goreng udang api tiris sisih seba minyak tumis bawang bombai bawang putih jahe wangi saus tiram saus tomat saus sambal gula pasir air masak masuk udang dig oreng masak meres udang saus tomat dis aji;14346;556531;35;2.58;0;;;"
"eNAyPBzP4G0;youtube;masakan;;[];https://www.youtube.com/watch?v=eNAyPBzP4G0;;3002;357353;12;0.84;0;;;"
"I7b5yF_nIpk;youtube;masakan;""BOLANG BALING"
"(odading)"
"Bahan :"
"90 ml air hangat"
"4 sdm gula pasir"
"4 gr ragi instan"
"1 butir telur kecil"
"30 ml minyak goreng"
"250 tepung terigu serbaguna"
"1/2 sdt garam"
"Cara :"
"1. Campur dalam 1 mangkok: air hangat dan gula pasir lalu aduk sampai gulanya larut."
"5. Diamkan adonan sampai mengembang dua kali lipat kira2 2 jam."
"8. Olesi dengan air sedikit2 saja lalu taburi dengan wijen."
"9. Diamkan adonan kembali sampai mengembang dua kali lipat."
"SELAMAT MENCOBA üòãüòç"
"Yuk yang sudah coba bisa tulis komen di kolom komentar...kalau mau bertanya juga bisa"
"yuk jangan shy shy cat üòπüòò‚ù§Ô∏è"
"#funwithina "
"#resepmasakan"
"#easyrecipe"
"#resepsimple"
"YOUTUBE : fun with ina"
"Tiktok        : fun with ina"
"T563X32se60;youtube;masakan;;[];https://www.youtube.com/watch?v=T563X32se60;;10896;695561;20;1.57;0;;;"
"Bahan-bahan:"
"- 1 pisang"
"- 30 g bubuk kakao tanpa pemanis"
"- 1 butir telur"
"Resep:"
"Campurkan semua bahan dan panggang di oven / air fryer selama 10 menit pada suhu 180 derajat."
"_0kVzWMOXxA;youtube;masakan;;[];https://www.youtube.com/watch?v=_0kVzWMOXxA;;8237;640676;45;1.29;0;;;"
"5wxLQW_D_Gw;youtube;masakan;""Assalamualaikum sahabat semua di video kali ini saya mau berbagi resep rumahan resep botok teri tempe semoga bermanfaat üôè"
"BAHAN"
"Kelapa parut"
"Ikan teri"
"Tempe"
"B.merah"
"B.Putih"
"Cabe hijau"
"Cabe merah"
"Kencur"
"Terasi"
"Garam"
"Gula pasir"
"Kaldu bubuk"
"Daun jeruk"
"#resepbotokteritempe"
"#resepbotok #resepmasakan #botokteritempe #resep #caramemasak #menuharian #carabikin #masak #caramemasak #caramasak #pepes #reseppepes #reseppepesikan #reseppepestahu#pepestahu  #menuharian #menumasakan #reseolahanmasakan"
"#reseppepestahuikanteri #reseppepestahu "
"#resepmasakan #caramemasak #resepmasakanseharihari #resepmudah "
"#carabikin #carabikinpepes #caramembuatpepes #reseppepestahu #pepestahu #pepesikan #resep #resepmudah #resepbotok "
"BAHAN MARINASI IKAN: "
"2-3 ekor ikan nila/ mujair "
"1 buah jeruk nipis "
"¬Ω sdt lada "
"¬Ω sdt garam "
"BUMBU HALUS: "
"9 butir bawang merah "
"5 butir bawang putih "
"5 butir kemiri "
"1 ruas jari jahe "
"1 kelingking kunyit "
"2 buah cabe merah keriting "
"BAHAN LAINNYA: "
"1 jempol lengkuas "
"1 batang sereh "
"2 lembar daun salam "
"150 ml air "
"20 butir rawit "
"1 sdt kaldu bubuk "
"1 sdt penyedap "
"¬Ω sdt lada "
"1 sdt gula "
"¬º sdt garam "
"2 batang daun bawang "
"¬Ω buah tomat merah "
"100 ml air "
"Pelengkap: Acar bawang merah"";[];https://www.youtube.com/watch?v=L4EB62NP218;resep pes mol ikan bahan marina ikan ekor ikan nila mujair buah jeruk nipis sdt lada sdt garam bumbu halus butir bawang merah butir bawang putih butir kemiri ruas jari jahe kelingking kunyit buah cabe merah keriting bahan jempol lengkuas batang sereh lembar daun salam air butir rawit sdt kaldu bubuk sdt sedap sdt lada sdt gula sdt garam batang daun bawang buah tomat merah air pel kap acar bawang merah;1322;137110;24;0.98;0;;;"
"DHwwNULZOvI;youtube;masakan;;[];https://www.youtube.com/watch?v=DHwwNULZOvI;;2728;329709;20;0.83;0;;;"
"zFSrrl0RIek;youtube;masakan;""kali ini aku bikin empal daging yang super empuk lembut banget bumbu nya meresap rempah nya berasa.. dimakan pake nasi dan sambal ini mantep banget deh !! "
"Bahan bahan "
"- 600 gr daging sapi"
"- 65 ml santan instan"
"- 500 ml air "
"- gula merah"
"- asam Jawa"
"Bumbu bumbu "
"- 10 siung bawang merah"
"- 5 butir kemiri"
"- 6 siung bawang putih"
"- lengkuas"
"- air "
"- 1 sdm ketumbar "
"- daun salam"
"- daun jeruk"
"- sereh "
"Sambal"
"- Bawang merah"
"- Bawang putih"
"- Cabai rawit "
"OXONE OX 281 dari @oxoneonline "
"Master Pressure Cooker"
"Kapasitas : 4liter"
"12 fungsi lainnya "
"- Beras"
"- Nasi Gandum"
"- Bubur"
"- Bubur Gandum"
"- Ayam/Bebek"
"- Kacang"
"- Daging Sapi/Kambing "
"- Panggang "
"- Sup"
"- Rebus "
"- Menggoreng"
"- Rebus Telur"
"untuk resep lengkap silahkan ikuti video nya sampai selesai!! "
"BXFRvlF1v7Q;youtube;masakan;;[];https://www.youtube.com/watch?v=BXFRvlF1v7Q;;0;1618339;112;0.01;0;;;"
"6Vc4IwNOS7E;youtube;masakan;;[];https://www.youtube.com/watch?v=6Vc4IwNOS7E;;18403;1432292;93;1.29;0;;;"
"lI-mpzyZVLI;youtube;masakan;RESEP IKAN KEMBUNG SAMBEL PECAK;[];https://www.youtube.com/watch?v=lI-mpzyZVLI;resep ikan kembung sam bel pecak;10242;1329113;69;0.78;0;;;"
"6lg26ij0jC8;youtube;masakan;;[];https://www.youtube.com/watch?v=6lg26ij0jC8;;7194;868055;31;0.83;0;;;"
"RoqPDNvM_-w;youtube;masakan;;[];https://www.youtube.com/watch?v=RoqPDNvM_-w;;32562;1811605;148;1.81;1;;;"
"71VkHIfaOfY;youtube;masakan;""Ternyata Jantung Pisang dimasak Sayur Santan kaya gini Enak Banget!! "
"*Bahan Bahan*"
"- 1 buah Jantung pisang"
"- tahu"
"- tempe"
"- 2 sachet santan instan"
"- daun bawang"
"- 800 ml air "
"*Bumbu*"
"- 10 buah cabai merah keriting"
"- 5 butir kemiri"
"- 1 sdt ebi kering"
"- 8 siung bawang merah"
"- 5 siung bawang putih"
"- 1 ruas lengkuas"
"- 1 ruas jahe"
"- 1 ruas kunyit"
"- sereh"
"- daun salam"
"- gula"
"- garam"
"- penyedap"
"- 1 sdt lada"
"- 1 sdt ketumbar "
"Untuk resep lengkap nya silahkan ikuti video ini sampai selesai!! .. "
"Cookware yang aku gunakan di video ini dari @idealifeonline_ Temukan juga ide resep lainnya di @idealifeonline.resep "
"Pembelian produk bisa melalui Shopee Official Shoop IDEALIFE atau Tokopedia IDEALIFE OUTLET atau Klik link yang ada di Bio Aku . "
"Yang aku pakai "
" ‚Ä¢ Deep Frypan Cookware IDEALIFE IL 28 dfp"
" ‚úÖ Diameter 28 cm"
" ‚úÖ Bon Stick "
" ‚úÖ Marble desain coating"
" ‚Ä¢ Kitchen utencils spatula sodet tolls IDEALIFE IL 172a "
" ‚úÖ 23 pas set"
" ‚úÖ Elegant desainnya"
"IDEALIFE IL 220A "
"Blender Listrik Set Chopper Multifungsi "
"‚úÖ 3 Kapasitas Bowl "
"‚úÖ Dry mill 200ml "
"‚úÖ Wet mill 600ml"
"‚úÖ  Pisau Stainles stell "
"‚úÖ 6 fungsi ekstra "
"‚úÖ Mudah dibersihkan"
"‚úÖ Perlindungan Overheat"
"‚úÖ Low Watt"
"lKD3Ivmp3rA;youtube;masakan;;[];https://www.youtube.com/watch?v=lKD3Ivmp3rA;;19335;780331;63;2.49;1;;;"
"tSuEdRR3roc;youtube;masakan;;[];https://www.youtube.com/watch?v=tSuEdRR3roc;;23021;1208868;97;1.91;1;;;"
"KG-aIHDwMBw;youtube;masakan;;[];https://www.youtube.com/watch?v=KG-aIHDwMBw;;470644;10280103;2201;4.6;1;;;"
"IQeeIaBhYp4;youtube;masakan;;[];https://www.youtube.com/watch?v=IQeeIaBhYp4;;1465;184254;6;0.8;0;;;"
"GIhmxmfF47U;youtube;masakan;""BAHAN MARINASI AYAM: "
"‚Üí 2 sdm air jeruk nipis "
"‚Üí 1 sdt kaldu bubuk "
"‚Üí ¬Ω sdt lada"
"BUMBU HALUS: "
"‚Üí 40 buah cabe merah keriting "
"‚Üí 15 buah cabe rawit "
"‚Üí 5 butir kemiri "
"‚Üí 1 ruas kunyit"
"‚Üí 1 ruas jahe "
"‚Üí 9 butir bawang merah "
"‚Üí 7 butir bawang putih"
"BUMBU CEMPLUNG: "
"‚Üí 4 lembar daun salam "
"‚Üí 6 lembar daun jeruk "
"‚Üí 1 lembar daun kunyit "
"‚Üí 2 lembar daun pandan "
"‚Üí 1 batang sereh "
"‚Üí 20 butir cabe rawit utuh "
"‚Üí 2 batang daun bawang "
"‚Üí 1 sdt kaldu ayam "
"‚Üí 1 sdt penyedap "
"‚Üí ¬Ω sdt lada "
"‚Üí1 iket kemangi"
"by : firhanmci6"";[];https://www.youtube.com/watch?v=GIhmxmfF47U;bahan marina ayam ekor ayam dip oto sdm air jeruk nipis sdt kaldu bubuk sdt lada bumbu halus buah cabe merah keriting buah cabe rawit butir kemiri ruas kunyit ruas jahe butir bawang merah butir bawang putih bumbu cemplung lembar daun salam lembar daun jeruk lembar daun kunyit lembar daun pandan batang sereh butir cabe rawit utuh batang daun bawang sdt kaldu ayam sdt sedap sdt lada ket kemangi fir han;0;734374;33;0.0;0;;;"
"okiCjVrh2VQ;youtube;masakan;""Lauk Makanan Enak dan mudah Resep Pergedel Tahu Panggang"
"‚úÖBahan-bahan:"
"* 2 buah tahu kuning ukuran sedang (bisa juga pakai tahu putih)"
"* 1 butir telur"
"* 1/2 sdt garam (sesuai selera)"
"* Minyak goreng secukupnya (untuk semprot/minyak tipis di pan)"
"‚úÖCara Membuat:"
"1. **Hancurkan tahu:**"
"   Remas-remas tahu dalam wadah sampai halus. Bisa dibantu dengan garpu atau tangan bersih."
"2. **Campur bahan:**"
"3. **Panaskan pan:**"
"4. **Bentuk adonan:**"
"5. **Panggang:**"
"   Masak pergedel hingga kedua sisi berwarna kecokelatan dan matang merata. Balik sekali agar tidak hancur."
"6. **Sajikan:**"
"   Angkat dan sajikan hangat sebagai camilan atau lauk. Enak juga dicocol sambal atau saus favorit!"
"‚úÖTips:"
"* Tambahkan bawang putih cincang atau merica bubuk kalau mau rasa lebih kuat."
"* Mau versi digoreng? Tinggal celupkan ke telur kocok dan goreng di minyak banyak."
"Selamat mencoba pergedel tahu sehat versi panggang ini di rumah!"
"Sumber Referensi: Chinese food"";[];https://www.youtube.com/watch?v=okiCjVrh2VQ;lauk makan enak mudah resep pergedel panggang bahan bahan buah kuning ukur pakai putih batang daun seledri cincang halus buah wortel parut halus butir telur sdt garam sesuai selera sdt kaldu jamur opsional dig anti sedap minyak goreng semprot minyak tipis pan mem hancur remas remas wadah halus dib antu garpu tangan bersih campur bahan daun seledri cincang wortel parut telur garam kaldu jamur aduk adon meny panas pan pan anti lengket panas api semprot oles tipis minyak goreng bentuk adon ambil sendok makan adon bentuk bulat pipih pergedel letak pan panggang masak pergedel ked sisi ber warna eco kelat matang merat hancur saji angkat saji hangat seba gai camil lauk enak cocol sambal saus favorit tip bawang putih cincang merica bubuk kuat renyah dita mbah tepung panir adon versi dig oreng tinggal celup telur kocok goreng minyak selamat men coba pergedel sehat versi panggang rumah sumber referensi chine food;4046;658069;35;0.62;0;;;"
"zCGHBvg43hE;youtube;masakan;;[];https://www.youtube.com/watch?v=zCGHBvg43hE;;792;157764;1;0.5;0;;;"
"6IctWO9-u1A;youtube;masakan;;[];https://www.youtube.com/watch?v=6IctWO9-u1A;;15661;2135383;37;0.74;0;;;"
"eJNvQGvI2Zs;youtube;masakan;;[];https://www.youtube.com/watch?v=eJNvQGvI2Zs;;2633;313182;14;0.85;0;;;"
"dRhX9hNT3LU;youtube;masakan;;[];https://www.youtube.com/watch?v=dRhX9hNT3LU;;60949;6318636;296;0.97;0;;;"
"Z8yxyB0Weis;youtube;masakan;;[];https://www.youtube.com/watch?v=Z8yxyB0Weis;;51657;3189083;383;1.63;1;;;"
"vcU4XmfqaU0;youtube;masakan;;[];https://www.youtube.com/watch?v=vcU4XmfqaU0;;10849;1213262;33;0.9;0;;;"
"JU8wOdILgWI;youtube;masakan;;[];https://www.youtube.com/watch?v=JU8wOdILgWI;;53227;3542497;727;1.52;1;;;"
"LbPBw53LY6w;youtube;masakan;;[];https://www.youtube.com/watch?v=LbPBw53LY6w;;1076;229724;2;0.47;0;;;"
"v5gdnNPXIBE;youtube;masakan;""Udang asam manis"
"Bahan - bahan :"
"250 gr udang"
"2 bawang putih cincang"
"1/2 bawang bombay"
"3 cabe merah keriting"
"1 batang daun bawang"
"3 sdm saus sambal"
"3 sdm saus tomat"
"1 sdm saus tiram"
"1 sdt cuka"
"1 sdm gula"
"1/2 sdt garam"
"1 /2 sdt lada bubuk"";[];https://www.youtube.com/watch?v=v5gdnNPXIBE;udang asam manis bahan bahan udang bawang putih cincang bawang bomb cabe merah keriting batang daun bawang sdm saus sambal sdm saus tomat sdm saus tiram sdt cuka sdm gula sdt garam sdt lada bubuk;4923;466795;21;1.06;0;;;"
"prkGctOdegU;youtube;masakan;;[];https://www.youtube.com/watch?v=prkGctOdegU;;38079;2658774;375;1.45;1;;;"
"MjWIAlJ4EW0;youtube;masakan;""follow juga akun media sosial CR COOK:"
"INSTAGRAM citra_crcook"
"https://www.instagram.com/citra_crcook"
"TIKTOK @crcook_cooking"
"https://www.tiktok.com/@crcook_cooking"
"FACEBOOK"
"@crcook_official"
"https://www.facebook.com/share/7mDcF9ixrHru7uy8/"
"Bahannya :"
"600 gr daging ayam"
"¬Ω sdt garam + ¬Ω sdt kunyit bubuk (untuk marinasi)"
"Bumbunya :"
"5 siung bawang merah"
"3 siung bawang putih"
"2 butir Kemiri"
"1 ruas jari jahe"
"15 buah cabe kriting merah"
"6 buah cabe rawit merah"
"2 lembar daun salam"
"1 batang sereh"
"Lengkuas"
"2 lembar daun jeruk"
"Kemangi secukupnya"
"4 lembar daun bawang"
"1 sdt garam"
"1 sdt kaldu ayam bubuk"
"2 sdt gula pasir"
"#ayamricarica"
"#ayamricakemangi"
"2_RXeRLDUKg;youtube;masakan;;[];https://www.youtube.com/watch?v=2_RXeRLDUKg;;16435;692161;103;2.39;0;;;"
"#cooking "
"#resep "
"#oporayamlebaran "
"sczf89us7jM;youtube;masakan;;[];https://www.youtube.com/watch?v=sczf89us7jM;;23322;1067172;43;2.19;1;;;"
"4DD_f09gi_8;youtube;masakan;;[];https://www.youtube.com/watch?v=4DD_f09gi_8;;219106;8497372;745;2.59;1;;;"
"hBrp8iayhBk;youtube;masakan;;[];https://www.youtube.com/watch?v=hBrp8iayhBk;;1745;187431;13;0.94;0;;;"
"UCVBeA9Ivh4;youtube;masakan;;[];https://www.youtube.com/watch?v=UCVBeA9Ivh4;;0;4194331;201;0.0;0;;;"
"Jm311Eoak9g;youtube;masakan;""TERIK TAHU TEMPE"
"Bahan-bahan"
"3 buah tahu (1 buah tahu potong 4) "
"1 lembar daun salam"
"1 lembar daun jeruk"
"1 ruas jari lengkuas"
"1 sdt garam"
"1 sdt gula merah"
"300 ml Air"
"1 pcs santan instan"
"BUMBU HALUS:"
"1 sdt ketumbar"
"5 butir bawang merah"
"3 siung bawang putih"
"1 cm kunyit"
"2 butir kemiri"
"Monggo yang mau nyoba"
"#resepmasakan"";['resepmasakan'];https://www.youtube.com/watch?v=5fpBuIxCIyk;resep sing viral sam bel terong suwir guam pang banget bahan bahan mudah did monggo resep masakan resep masakan;9577;1159558;265;0.85;0;;;"
"sDbCCeOm4hU;youtube;masakan;""Hallo guys..."
"‚¨áÔ∏è"
"MUKBANG"
"‚¨áÔ∏è"
"Ig : https://www.instagram.com/hyvirgoo"
"Tiktok : https://www.tiktok.com/@inadefrianto"
"Terimakasih guys‚ù§Ô∏è"
"ÊàëÁà±‰Ω†‰ª¨ü´∞"";[];https://www.youtube.com/watch?v=sDbCCeOm4hU;hall guy selamat men onto lupa bantu kasih like kom share and subscribe guy muk bang lupa follow tik tok guy link dib awah https www stag ram virgo tik tok https www tik tok ina riant terima kasih guy;0;361082;31;0.01;0;;;"
"RIt2UhcS520;youtube;masakan;;[];https://www.youtube.com/watch?v=RIt2UhcS520;;19850;1285554;154;1.56;1;;;"
"H1-uPDWUKVo;youtube;masakan;;[];https://www.youtube.com/watch?v=H1-uPDWUKVo;;2544;323490;32;0.8;0;;;"
"jtHLPDPILDs;youtube;masakan;;[];https://www.youtube.com/watch?v=jtHLPDPILDs;;6587;696702;38;0.95;0;;;"
"C6vHXjN1q3A;youtube;masakan;;[];https://www.youtube.com/watch?v=C6vHXjN1q3A;;17968;712434;78;2.53;1;;;"
"U3RIDXpYumo;youtube;masakan;;[];https://www.youtube.com/watch?v=U3RIDXpYumo;;2946;316146;33;0.94;0;;;"
"Au6EX2DClIc;youtube;masakan;;[];https://www.youtube.com/watch?v=Au6EX2DClIc;;208778;16564258;2177;1.27;0;;;"
"57ppugUoH6s;youtube;masakan;;[];https://www.youtube.com/watch?v=57ppugUoH6s;;107791;8860089;698;1.22;0;;;"
"a_Fs0xNokrM;youtube;masakan;;[];https://www.youtube.com/watch?v=a_Fs0xNokrM;;4156;292438;11;1.42;0;;;"
"KcMoPrNAi-U;youtube;masakan;;[];https://www.youtube.com/watch?v=KcMoPrNAi-U;;1715;204101;8;0.84;0;;;"
"mYmxNzU7sa4;youtube;masakan;Resep Cara Memasak Terong Kukus Saus Bawang Putih#food#terong;[];https://www.youtube.com/watch?v=mYmxNzU7sa4;resep mem asak terong kukus saus bawang putih food terong;3287;780062;16;0.42;0;;;"
"i2FayZfVqWc;youtube;masakan;Resep Telur Balado Bulat ini menu masakan harian yang wajib kalian coba ü•∞;[];https://www.youtube.com/watch?v=i2FayZfVqWc;resep telur balado bulat menu masakan hari wajib coba;2271;301491;3;0.75;0;;;"
"JzT9bxHI-s8;youtube;masakan;;[];https://www.youtube.com/watch?v=JzT9bxHI-s8;;1708;200781;17;0.86;0;;;"
"yuhhfV9NLug;youtube;masakan;""Musim hujan pingin makan yang seger seger? Nih tak kasih resep sup kimlo sing cocok disajikan saat cuaca hujan."
"rfuWIBrUwBg;youtube;masakan;;[];https://www.youtube.com/watch?v=rfuWIBrUwBg;;20598;2456972;59;0.84;0;;;"
"Tuh1-JSRwPo;youtube;masakan;;[];https://www.youtube.com/watch?v=Tuh1-JSRwPo;;8116;383304;12;2.12;0;;;"
"xXvCyX7ha-w;youtube;masakan;;[];https://www.youtube.com/watch?v=xXvCyX7ha-w;;10315;980250;39;1.06;0;;;"
"vJuUhG40rIs;youtube;masakan;;[];https://www.youtube.com/watch?v=vJuUhG40rIs;;86255;7393133;1067;1.18;0;;;"
"5xt7OkeiN3U;youtube;masakan;;[];https://www.youtube.com/watch?v=5xt7OkeiN3U;;8368;845495;29;0.99;0;;;"
"vdzmu5RmXQ0;youtube;masakan;;[];https://www.youtube.com/watch?v=vdzmu5RmXQ0;;1305;336225;4;0.39;0;;;"
"AUv4HVAIRRg;youtube;masakan;""Resep Telur Buncis Oseng Bawang (untuk 2 porsi)"
"Bahan kulit:"
"65 gr buncis"
"5 siung bawang putih"
"8 siung bawang merah"
"7 buah cabai rawit merah"
"2 butir telur"
"2 sdm minyak"
"1 sdt kaldu bubuk"
"1 sdt saus tiram"
"¬Ω sdt gula pasir"
"Pelengkap:"
"nasi putih"
"kerupuk"
"Cara membuat:"
"5. Telur buncis oseng bawang siap disajikan"";[];https://www.youtube.com/watch?v=AUv4HVAIRRg;resep telur buncis oseng bawang porsi bahan kulit buncis siung bawang putih siung bawang merah buah cabai rawit merah terasi bakar butir telur sdm minyak sdt kaldu bubuk sdt saus tiram sdt gula pasir pel kap nasi putih kerupuk mem iris bawang putih bawang merah cabai rawit merah buncis panas minyak masuk bawang merah bawang putih tumis wangi masuk terasi cabai rawit merah buncis hancur terasi tumis masuk kaldu bubuk aduk masuk telur diam aduk masuk saus tiram gula pasir masak telur buncis oseng bawang dis aji;16245;838413;124;1.95;1;;;"
"hgvoDgQTOvc;youtube;masakan;;[];https://www.youtube.com/watch?v=hgvoDgQTOvc;;14142;1295648;111;1.1;0;;;"
"9acSv-UhjNs;youtube;masakan;;[];https://www.youtube.com/watch?v=9acSv-UhjNs;;28487;583424;70;4.89;0;;;"
"nnIdhQDHaUQ;youtube;masakan;;[];https://www.youtube.com/watch?v=nnIdhQDHaUQ;;1008;315174;0;0.32;0;;;"
"nd2gjo3pBVg;youtube;masakan;""RESEP PALING ENAK CAPCAY KUAH #cooking #capcaykuah #resepcapcay"
"CAPCAY KUAH"
"Bahan :"
"- Sawi putih 1 rumpun kecil"
"- Sawi hijau 1 rumpun"
"- Kembang kol 1 rumpun"
"- Wortel 1 buah"
"- Putren 2 buah"
"- Bakso 4 butir"
"- Daun Bawang 1 batang"
"- Air 200 ml"
"- Tepung maizena 1 sdt larutkan dalam air."
"Bumbu :"
"- Bawang putih 2 siung"
"- Bawang Bombay ¬Ω buah"
"Bumbu penyedap :"
"- Garam 1 sdt"
"- Kaldu bubuk ayam 2 sdt"
"- Kaldu jamur ¬Ω sdt"
"- Saus sambal 1 sdm"
"- Saus tiram 1 sdm"
"2OjQlLuHADc;youtube;masakan;""Halo semuanya ü•∞"
"KALAU UDA TAU RESEP INI DIJAMIN GAK MAU LAGI BELI DI LUAR ‚ÄºÔ∏è üòÜ"
"Selamat mencoba üíï"
"Jangan lupa follow aku di :"
"INSTAGRAM @vianney_lim99"
"TIKTOK VianneyLim"
"______________________________________"
"NASI UDUK"
"By VianneyLim "
"Bahan :"
"5 lbr daun jeruk"
"5 lbr daun salam"
"3 lbr daun pandan"
"1 sdm garam"
"2 sdt kaldu jamur"
"uoGxPDg91Eo;youtube;masakan;Resep Cara Memasak Telur Tahu Tumis Gurih Lezat#food#cooking;[];https://www.youtube.com/watch?v=uoGxPDg91Eo;resep mem asak telur tumis gurih lezat food cooking;1525;171332;13;0.9;0;;;"
"NbWmOX-7-7w;youtube;masakan;;[];https://www.youtube.com/watch?v=NbWmOX-7-7w;;41372;3370460;318;1.24;0;;;"
"wCktNeyOnr4;youtube;masakan;;[];https://www.youtube.com/watch?v=wCktNeyOnr4;;51606;4596601;565;1.13;0;;;"
"B1WJwjRfsh0;youtube;masakan;;[];https://www.youtube.com/watch?v=B1WJwjRfsh0;;133667;10067027;1811;1.35;1;;;"
"RgpBuMq1f9A;youtube;masakan;;[];https://www.youtube.com/watch?v=RgpBuMq1f9A;;2160;224460;38;0.98;0;;;"
"BfX-h92yjsY;youtube;masakan;""Dimasak praktis menggunakan Saus Tiram Selera yang bisa bikin hidangan menjadi gurih istimewa. Kreasi menu saus tiram ini tentunya juga lebih sehat karna dimasak dengan cara ditumis. Penasaran dengan resep dan cara membuatnya? Yuk tonton videonya sampai habis Bunda dan langsung recook resepnya yah!"
"**************"
"Lihat kreasi resep praktis dan lezat lainnya di website Dapur KOBE: http://www.dapurkobe.co.id"
"Facebook Dapur KOBE: https://www.facebook.com/dapurkobe/"
"Instagram Dapur KOBE: https://www.instagram.com/dapurkobe"
"Twitter: https://twitter.com/dapurkobe"";[];https://www.youtube.com/watch?v=BfX-h92yjsY;dim asak praktis meng saus tiram selera hidang men gurih istimewa kreasi menu saus tiram sehat dim asak dit umi penasaran resep mem yuk tonton video habis bunda langsung recook resep yah lihat kreasi resep praktis lezat web site dapur kob http www dapur kob face book dapur kob https www face book dapur kob stag ram dapur kob https www stag ram dapur kob twitter https twitter dapur kob;14387;1603502;0;0.9;0;;;"
"oAfi0_voEYc;youtube;masakan;""Nyesel Baru Tau 5 Tips Untuk Membuat Sayur Sop Yang Seger Dan Berkuah Bening"
"0HDPizvixsA;youtube;masakan;;[];https://www.youtube.com/watch?v=0HDPizvixsA;;65433;3577558;300;1.84;1;;;"
"rD1JEL7d6gM;youtube;masakan;""CARA MUDAH MEMBUAT AYAM KECAP PEDAS MANIS "
"A3kZH04dQ30;youtube;masakan;;[];https://www.youtube.com/watch?v=A3kZH04dQ30;;1295;178125;5;0.73;0;;;"
"UG2HepWTr-w;youtube;masakan;""Hai mak..."
"Dino iki aku mau berbagi resep pepes tahu Asli soko tulungagung....ayo gek nonton videone..."";[];https://www.youtube.com/watch?v=UG2HepWTr-w;hai din ber resep pepes asli sok tulu gagu ayo non ton video;8752;1257128;141;0.71;0;;;"
"jvcwih0oaDY;youtube;masakan;;[];https://www.youtube.com/watch?v=jvcwih0oaDY;;11047;703749;31;1.57;0;;;"
"LXSOyiB9UiE;youtube;masakan;;[];https://www.youtube.com/watch?v=LXSOyiB9UiE;;774;157421;9;0.5;0;;;"
"U_qAJaYSzP8;youtube;masakan;;[];https://www.youtube.com/watch?v=U_qAJaYSzP8;;6612;375015;40;1.77;0;;;"
"Z-zabvCc3_8;youtube;masakan;""Resep Kentang Oseng Kecap (untuk 5 porsi)"
"Bahan:"
"3 butir telur"
"2 sdm kecap manis"
"1 sdt kecap inggris / kecap asin"
"1 sdm saus tiram"
"1/8 sdt merica"
"¬Ω sdt kaldu jamur"
"1 sdm margarin"
"Cara membuat:"
"5. Kentang oseng kecap¬†siap¬†disajikan"";[];https://www.youtube.com/watch?v=Z-zabvCc3_8;resep kentang oseng kecap porsi bahan buah kentang potong siung bawang putih cincang buah bawang bombai iris butir telur sdm kecap manis sdt kecap inggris kecap asin sdm saus tiram sdt merica sdt kaldu jamur sdm margarin mem panas minyak goreng kentang tiris tumis bawang putih bawang bombai wangi masuk kentang aduk masuk telur aduk masuk saus tiram kecap manis kecap inggris merica kaldu jamur aduk masuk margarin masak kentang oseng kecap dis aji;13184;417070;40;3.17;0;;;"
"EmKMAyiMU-k;youtube;masakan;;[];https://www.youtube.com/watch?v=EmKMAyiMU-k;;35822;3228720;105;1.11;0;;;"
"Z4Pvd87CV8g;youtube;masakan;""KENTAL DAN MANIS‚ÄºÔ∏èMIE AYAM KHAS WONOGIRI #resepmasakan #mieayamjogja #mieayamsolo #shortsfood"
"Bahan bahan topping :"
"Ayam paha cincang 500 gr"
"Bawang putih 4 siung"
"Bawang Merah 4 siung"
"Labu kuning 150 gr"
"Kunyit 2 ruas"
"Jahe 2 ruas"
"Bawang pre 2 batang"
"Kemiri 10 butir"
"Gula merah 60 gr"
"qFkkmfJfaEc;youtube;masakan;""RESEP BABAT GONGSO PEDAS #shorts "
"Bahan :"
"- Babat Sapi 500 gr"
"Rebus/presto 30 menit :"
"- Air 1 ¬Ω liter"
"- Lengkuas 2 ruas jari"
"- Daun salam 4 lembar"
"- Garam 1 sdt"
"Bumbu Halus :"
"- Bawang putih 8 siung"
"- Kunyit 2 ruas jari"
"- Cabai rawit hijau 20 buah"
"- Cabai rawit merah 6 buah"
"- Cabai merah keriting 8 buah"
"- Kemiri 3 buah (sangrai)"
"- Ketumbar bulat 1 ¬Ω sdm (sangrai)"
"- Merica bulat 1 sdm (sangrai)"
"Bumbu Aromatik :"
"- Sserai 1 batang"
"- Jahe 2 ruas jari"
"- Lengkuas 1 ¬Ω ruas jari"
"- Daun salam 3 lembar"
"- Daun jeruk 4 lembar"
"Bumbu Geprek :"
"- Bawang merah 10 buah"
"Bumbu iris :"
"- Tomat merah 1 buah"
"Penyedap :"
"- Gula merah 1 sdm"
"- Garam 1 sdt"
"- Kaldu jamur 1 sdt"
"- Kaldu bubuk sapi 2 sdt"
"- Gula pasir 1 sdt"
"- Kecap manis 3 sdm"
"- Air 200 ml"
"Pelengkap / cemplung :"
"- Cabai rawit merah utuh 15 buah"
"Pw-X5m9SXIU;youtube;masakan;Bikin udang saus padang;[];https://www.youtube.com/watch?v=Pw-X5m9SXIU;udang saus padang;8328;583056;13;1.43;0;;;"
"g7RXs5H0AyM;youtube;masakan;;[];https://www.youtube.com/watch?v=g7RXs5H0AyM;;3627;771701;37;0.47;0;;;"
"BgKSBJTxYSk;youtube;masakan;""#kumpulanresepmasakanterbaruedisibulanseptember#12resepmasakanenakmudah#risnadwd#menuharian#resepmasakan#sayurmricoikanbandeng#sayurmrico#sayursopndeso#sayursop#tumisdagingsapicabeijo#olahantelurasammanis#olahantelur#gongsoayam#gongsoayamsemarang#botok#botokatiampela#sayurboborbayamlabusiam#sayurbobor#kepitingladahitam#tumisudangsausmentega#udangsausmentega#gulaiikantongkolkacangpanjang#gulaiikan#telursambalbawang#sayurlodegputih#sayurlodeh#cooking#recipe#masakansederhana#masakansimple#masakanrumahan "
"00:00 : resep 1 sayur mrico ikan bandeng"
"06:04 : resep 2 sayur sop ndeso"
"10:04 : resep 3 tumis daging sapi cabe ijo"
"14:08 : resep 4 olahan telur asam manis"
"19:36 : resep 5 gongso ayam"
"25:57 : resep 6 botok ati ampela "
"32:29 : resep 7 sayur bobor bayam labu siam "
"37:56 : resep 8 kepiting lada hitam"
"43:35 : resep 9 tumis udang saus mentega"
"48:57 : resep 10 gulai ikan tongkol kacang panjang"
"55:13 : resep 11 telur sambal bawang"
"59:06 : resep 12 sayur lodeh putih"
"untuk cara memasaknya tonton videonya sampai selesai ya"
"terimakasih sudah nonton video ini semoga resep yang saya bagikan bermanfaat dan mengisnpirasi teman-teman semua "
"selamat mencoba"";['kumpulanresepmasakanterbaruedisibulanseptember#12resepmasakanenakmudah#risnadwd#menuharian#resepmasakan#sayurmricoikanbandeng#sayurmrico#sayursopndeso#sayursop#tumisdagingsapicabeijo#olahantelurasammanis#olahantelur#gongsoayam#gongsoayamsemarang#botok#botokatiampela#sayurboborbayamlabusiam#sayurbobor#kepitingladahitam#tumisudangsausmentega#udangsausmentega#gulaiikantongkolkacangpanjang#gulaiikan#telursambalbawang#sayurlodegputih#sayurlodeh#cooking#recipe#masakansederhana#masakansimple#masakanrumahan'];https://www.youtube.com/watch?v=BgKSBJTxYSk;kumpul resep masakan ter edisi september resep masakan enak mudah menu hari resep masakan sayur ikan bandeng sayur ayu sop sayur sop tumis daging sapi cabe joola ante lura sam manis olah ante gong ayam gong ayam semara botok botok ati ampelas ayu bobo bayam labu siam sayur bobo kepiting ladah amt umi udang saus mentega udang saus mentega gulai ikan tongkol kacang gulai ikan telur sambal bawang sayur lode putih sayur lodeh cooking recipe masakan sederhana masakan simple masakan rumah resep sayur ikan bandeng resep sayur sop resep tumis daging sapi cabe resep olah telur asam manis resep gong ayam resep botok ati ampela resep sayur bobo bayam labu siam resep kepiting lada hitam resep tumis udang saus mentega resep gulai ikan tongkol kacang resep telur sambal bawang resep sayur lodeh putih mem asak tonton video selesai terima kasih non ton video moga resep berma mengi pir asi teman teman selamat men coba kumpul resep masakan ter edisi september resep masakan enak mudah menu hari resep masakan sayur ikan bandeng sayur ayu sop sayur sop tumis daging sapi cabe joola ante lura sam manis olah ante gong ayam gong ayam semara botok botok ati ampelas ayu bobo bayam labu siam sayur bobo kepiting ladah amt umi udang saus mentega udang saus mentega gulai ikan tongkol kacang gulai ikan telur sambal bawang sayur lode putih sayur lodeh cooking recipe masakan sederhana masakan simple masakan rumah;182;20874;14;0.94;0;;;"
"zC8XhhuAUOQ;youtube;masakan;;[];https://www.youtube.com/watch?v=zC8XhhuAUOQ;;3747;500211;9;0.75;0;;;"
"spKhh1ph8PI;youtube;masakan;;[];https://www.youtube.com/watch?v=spKhh1ph8PI;;1109;90898;5;1.23;0;;;"
"uPe1BFgyzts;youtube;masakan;;[];https://www.youtube.com/watch?v=uPe1BFgyzts;;8366;692345;72;1.22;0;;;"
"_tiBJ1oD1xI;youtube;masakan;;[];https://www.youtube.com/watch?v=_tiBJ1oD1xI;;16637;622609;64;2.68;0;;;"
"wjMyMlvDE6E;youtube;masakan;;[];https://www.youtube.com/watch?v=wjMyMlvDE6E;;0;56315;1;0.0;0;;;"
"DQjqaDkQSTk;youtube;masakan;;[];https://www.youtube.com/watch?v=DQjqaDkQSTk;;1669;201079;18;0.84;0;;;"
"u3lTleJCemk;youtube;masakan;;[];https://www.youtube.com/watch?v=u3lTleJCemk;;1300;157068;5;0.83;0;;;"
"r-HgB0T7gLs;youtube;masakan;""---------------------------------------------------------------"
"Kalau Sahabat sedang mencari inspirasi menu masakan lainnya silahkan Sahabat lihat kreasi masakan saya pada link di bawah ini."
"---------------------------------------------------------------"
"Tumisan Praktis"
"https://www.youtube.com/playlist?list=PLFP0HsLXmB0c15kvt4bGC7gvIJwMTOgi3"
"Resep & Metode Desaku Marinasi"
"https://www.youtube.com/playlist?list=PLFP0HsLXmB0fdZ7XZzXdLq5UlNnlbbzoE"
"Kreasi Masakan Kari Nusantara"
"https://www.youtube.com/playlist?list=PLFP0HsLXmB0dPlj6CbQJb0RkVtJ0QC7uk"
"Kreasi Masakan Lodeh"
"https://www.youtube.com/playlist?list=PLFP0HsLXmB0ffA63IhyFw5DRhBzTDypSW"
"Ragam Kreasi Resep Masakan & Kuliner Nusantara"
"https://www.youtube.com/playlist?list=PLFP0HsLXmB0fB7D3MRvtdwi-Sdg4j8s4c"
"Kreasi Masakan Lodeh"
"https://www.youtube.com/playlist?list=PLFP0HsLXmB0eqqQ-L4BZd7G7gjyeGs5hX"
"Kreasi Masakan Balado"
"https://www.youtube.com/playlist?list=PLFP0HsLXmB0cLqj_qvZS0wDDvbse5vCSJ"
"Super Simpel Maksimal"
"https://www.youtube.com/playlist?list=PLFP0HsLXmB0eAq6Pm_u-Kg7QNmb_l_6Xv"
"Kreasi Masakan Sambal Goreng"
"https://www.youtube.com/playlist?list=PLFP0HsLXmB0cArisdDivWiID7nvOrcXZt"
"Kreasi Masakan Opor"
"https://www.youtube.com/playlist?list=PLFP0HsLXmB0eqqQ-L4BZd7G7gjyeGs5hX"";[];https://www.youtube.com/watch?v=r-HgB0T7gLs;sahabat men cari inspirasi menu masakan silah sahabat lihat kreasi masakan link tumis praktis https www youtube play list list tog resep metode desak marina https www youtube play list list kreasi masakan kari nusantara https www youtube play list list kreasi masakan lodeh https www youtube play list list ragam kreasi resep masakan kuliner nusantara https www youtube play list list kreasi masakan lodeh https www youtube play list list kreasi masakan balado https www youtube play list list super simpel maksimal https www youtube play list list kreasi masakan sambal goreng https www youtube play list list cari div orc kreasi masakan opor https www youtube play list list;5873;331132;44;1.79;0;;;"
"w7XeJoYJc-Q;youtube;masakan;""Masak mini Tom yam."
"Masak menggunakan alat Masak mini tapi bisa dimakan beneran "
"KdCEhmM0m_8;youtube;masakan;;[];https://www.youtube.com/watch?v=KdCEhmM0m_8;;737;230751;7;0.32;0;;;"
"4gLVTwry2Cw;youtube;masakan;;[];https://www.youtube.com/watch?v=4gLVTwry2Cw;;7152;766083;31;0.94;0;;;"
"iWUrS5EMuwc;youtube;masakan;;[];https://www.youtube.com/watch?v=iWUrS5EMuwc;;20150;1882919;111;1.08;0;;;"
"3w96_Wsj_VA;youtube;masakan;;[];https://www.youtube.com/watch?v=3w96_Wsj_VA;;4981;942033;39;0.53;0;;;"
"52HG5jf7GFo;youtube;masakan;;[];https://www.youtube.com/watch?v=52HG5jf7GFo;;0;935531;42;0.0;0;;;"
"GpqAQnDLQUw;youtube;masakan;""resep masakan sehari hari ibu rumah tangga "
"wajib dicoba dirumah mom"
"resep nya simple tapi rasanya bikin nagih"
"2zRk2NF7O0E;youtube;masakan;;[];https://www.youtube.com/watch?v=2zRk2NF7O0E;;6253;833015;85;0.76;0;;;"
"WEfPjszSLU8;youtube;masakan;;[];https://www.youtube.com/watch?v=WEfPjszSLU8;;3302;447403;32;0.75;0;;;"
"bjlor5a7gJc;youtube;masakan;""Tumis Pakcoy Telur"
"3 butir telur ayam"
"3 batang pakvoy"
"2 buah tonat hijau"
"2 buah tonat merah"
"10 buah cabe rawit"
"garam sedikit"
"Gula secukupnya"
"Kaldu bubuk secukupnya"
"Saus tiram secukupnya"
"Kaldu bubuk aecukupnya"
"Minyak goreng secukupnya"";[];https://www.youtube.com/watch?v=bjlor5a7gJc;tumis coy telur butir telur ayam batang buah tona hijau buah tona merah buah cabe rawit garam gula kaldu bubuk saus tiram kaldu bubuk minyak goreng;23003;1932614;83;1.19;0;;;"
"MZO2chySDSs;youtube;masakan;;[];https://www.youtube.com/watch?v=MZO2chySDSs;;0;2076579;322;0.02;0;;;"
"6zthpYUVO1M;youtube;masakan;;[];https://www.youtube.com/watch?v=6zthpYUVO1M;;1748;198272;7;0.89;0;;;"
"hlII5h_x1dE;youtube;masakan;;[];https://www.youtube.com/watch?v=hlII5h_x1dE;;53215;5276663;1247;1.03;0;;;"
"YKQlIkQRuK8;youtube;masakan;;[];https://www.youtube.com/watch?v=YKQlIkQRuK8;;1480;329594;22;0.46;0;;;"
"javdo3Y2WIY;youtube;masakan;;[];https://www.youtube.com/watch?v=javdo3Y2WIY;;12344;801413;139;1.56;1;;;"
"JqV3fwuiY_Y;youtube;masakan;;[];https://www.youtube.com/watch?v=JqV3fwuiY_Y;;31131;1765696;303;1.78;1;;;"
"iJ7xAS4f92s;youtube;masakan;;[];https://www.youtube.com/watch?v=iJ7xAS4f92s;;11831;1493513;89;0.8;0;;;"
"KlJLsj6oaw4;youtube;masakan;;[];https://www.youtube.com/watch?v=KlJLsj6oaw4;;18474;1143557;68;1.62;1;;;"
"Tbjnj02VXMY;youtube;masakan;""bahan"
"daging sapi potong tipis¬≤"
"1 bawang bombai"
"2buah cabe ijo besar"
"2 buah cabe merah besar"
" saos tiram"
"saos teriyaki "
"1 sendok margarin"
"2 siung bawang putih"
"marinasi daging sapi dengan saos teriyaki"
"tambah sedikit saos tiram"
"diamkan 30 menit "
"happy cooking üíú "
"vVy0K_kxCA0;youtube;masakan;;[];https://www.youtube.com/watch?v=vVy0K_kxCA0;;2669;612992;16;0.44;0;;;"
"mZoB3qNUa0E;youtube;masakan;;[];https://www.youtube.com/watch?v=mZoB3qNUa0E;;6436;627117;31;1.03;0;;;"
"üìùTELUR TAHU FANTASI"
"- 3 kotak tahu"
"- 1 buah sosis (aku pakai sosis yg besar biasa dipakai sosis bakar)"
"- 1 buah wortel"
"- 2 batang daun bawang"
"- 1 sdm tepung maizena"
"- 2 buah cabe merah keriting"
"- 4 siung bawang merah"
"- 4 siung bawang putih"
"- ¬Ω sdt garam"
"- ¬Ω sdt kaldu ayam bubuk"
"- ¬Ω sdt lada bubuk"
"0KcMRzHAinU;youtube;masakan;;[];https://www.youtube.com/watch?v=0KcMRzHAinU;;4914;454432;24;1.09;0;;;"
"gidt8z8TwvQ;youtube;masakan;""Tonton video selengkapnya ya di @Risti Wijayanti"
"Jangan lupa SUBSCRIBE LIKE COMENT dan SHARE ü•∞"
"Thank You üôè"
"Y1gLhTnuy-U;youtube;masakan;""haii mak.... "
"berhubung beberapa hari ini aku batuk pilek... ini aku dibikinin resep trancam sayur yang sehat banget... ga pake minyak sama sekali... yuk tonton terus videonya"";[];https://www.youtube.com/watch?v=Y1gLhTnuy-U;hai ber hubung batuk pilek dib resep tra cam sayur sehat banget minyak yuk tonton video;10551;1383336;933;0.83;0;;;"
"wEr1ZOo6yUA;youtube;masakan;""olahan tempe"
"dapure wong ndeso"
"memasak"
"membuat kue"
"resep mudah"
"resep sederhana"
"masakan Indonesia"
"masakan rumahan"
"Resep perkedel tempe"
"1 papan tempe ( 250 gr) "
"2 butir kuning telur"
"50 gr wortel"
"3 tangkai seledri"
"5 siung bawang putih"
"4 siung bawang merah"
"1 sdt garam"
"1/2 sdt lada bubuk"
"1/2 sdt gula pasir"
"1/2 sdt kaldu bubuk"
"minyak goreng secukupnya"
"1 butir telur untuk baluran"
"#perkedelenak #perkedeltempe #perkedel #tempe "
"#dapurewongndeso #dapur #masak #memasak #membuatkue #recipe #resepsederhana "
"#resepsimple #shortvideo #shortsvideo #simplerecipe #short #shortsvideo #fyp #fyp„Ç∑„Çöviral #feed #feedshort #videoshort #viralvideo #video #viralshorts "
"XV9FK7xvuA8;youtube;masakan;;[];https://www.youtube.com/watch?v=XV9FK7xvuA8;;39580;2898226;449;1.38;1;;;"
"XavCxhy1AKM;youtube;masakan;""RESEP KRENGSENGAN DAGING SAPI #shorts "
"Bahan :"
"- Daging Sapi 500 gr"
"- Air 800 ml"
"Bumbu Halus :"
"- Bawang putih 5 siung"
"- Bawang merah 10 buah"
"- Kemiri 5 buah"
"- Jahe 1 ruas jari"
"- Cabai rawit merah 5 buah"
"- Cabai merah keriting 8 buah"
"- Merica Bubuk ¬Ω sdt"
"- Biji Pala bubuk ¬Ω sdt"
"Penyedap :"
"- Garam 1 sdt"
"- Kaldu bubuk sapi 1 sdt"
"- Petis Udang Simbok khas jawa timur 1 sdm munjung"
"- Kecap Manis 5 sdm"
"- Kaldu jamur 1 sdt"
"- Gula Pasir 2 sdt"
"Bumbu Cemplung :"
"- Cabai Rawit Utuh 20 buah"
"Pelengkap :"
"- Taburan Bawang Merah Goreng Secukupnya"
"BVHiru7ZhWo;youtube;masakan;;[];https://www.youtube.com/watch?v=BVHiru7ZhWo;;735;96101;1;0.77;0;;;"
"f8M60DMqIAI;youtube;masakan;;[];https://www.youtube.com/watch?v=f8M60DMqIAI;;533;129671;10;0.42;0;;;"
"oPn4BgNx8Fk;youtube;masakan;;[];https://www.youtube.com/watch?v=oPn4BgNx8Fk;;234541;5920795;838;3.98;1;;;"
"8FODmEm9t5s;youtube;masakan;;[];https://www.youtube.com/watch?v=8FODmEm9t5s;;2786;550055;13;0.51;0;;;"
"zZYVPXKHwKU;youtube;masakan;""Budget 25 Ribu Bisa Masak Enak Untuk Keluarga "
"ZpIXe6YQB3g;youtube;masakan;;[];https://www.youtube.com/watch?v=ZpIXe6YQB3g;;3509;137195;9;2.56;0;;;"
"Wgc_9bhpfh4;youtube;masakan;;[];https://www.youtube.com/watch?v=Wgc_9bhpfh4;;3625;583566;22;0.62;0;;;"
"DcKrJu1o_zo;youtube;masakan;;[];https://www.youtube.com/watch?v=DcKrJu1o_zo;;4115;779211;12;0.53;0;;;"
"ujT9iIGTlag;youtube;masakan;;[];https://www.youtube.com/watch?v=ujT9iIGTlag;;11903;1411344;42;0.85;0;;;"
"dpZT5L_mWjE;youtube;masakan;""Resep Sayur Tempe Labusiam"
"üëâ Bahan :"
"‚úÖ 1 papan tempe ukuran sedang"
"‚úÖ 2 buah Labusiam"
"‚úÖ 5 ekor udang"
"‚úÖ 65 gram santan instan"
"‚úÖ pete secukupnya"
"üëâ Bumbu halus :"
"‚úÖ 9 siung bawang merah"
"‚úÖ 3 siung bawang putih"
"‚úÖ 3 butir kemiri"
"‚úÖ 6 cabai merah"
"üëâ Bumbu rempah :"
"‚úÖ 2 lembar daun salam"
"‚úÖ 2 ruas jari lengkuas"
"üëâ Bumbu lainnya :"
"‚úÖ 1 sdt garam"
"‚úÖ 1 sdt kaldu bubuk"
"‚úÖ 1 sdm gula merah"";[];https://www.youtube.com/watch?v=dpZT5L_mWjE;resep sayur tempe labu siam bahan papan tempe ukur buah labu siam liter air ekor udang gram santan instan pete bumbu halus siung bawang merah siung bawang putih butir kemiri cabai merah bumbu rempah lembar daun salam ruas jari lengkuas bumbu sdt garam sdt kaldu bubuk sdm gula merah;1329;389433;11;0.34;0;;;"
"_5yMc6BRYU8;youtube;masakan;;[];https://www.youtube.com/watch?v=_5yMc6BRYU8;;1360;114224;3;1.19;0;;;"
"Order cetakan pastel https://s.shopee.co.id/1g0aPd1G29"";[];https://www.youtube.com/watch?v=mYpsyfegqyY;for recipe please click link below order cetak pastel https shop;45006;3861624;146;1.17;0;;;"
"__Zxhgsr-_I;youtube;masakan;;[];https://www.youtube.com/watch?v=__Zxhgsr-_I;;0;263803;17;0.01;0;;;"
"wQj6-J5Y9l0;youtube;masakan;;[];https://www.youtube.com/watch?v=wQj6-J5Y9l0;;3470;412676;30;0.85;0;;;"
"1B5ZZYEojcQ;youtube;masakan;""haii makkk.... "
"kalian punya tahu dirumah... nih dibikin pepes aja... bikine mudah banget... ini merupakan Resep Pepes Tahu terendulll...khusus saya bikin buat simbokku"";[];https://www.youtube.com/watch?v=1B5ZZYEojcQ;hai rumah nih dib kin pepes aja mudah banget meru pakan resep pepes ter endul khusus simbok;2048;378049;55;0.56;0;;;"
"FUUsFL70tX4;youtube;masakan;""Resep Homemade Beef Steak Hemat dan Enak!"
"Resep Mudah Buat Steak Daging Sapi Empuk Bumbu Meresap ‚ù§Ô∏è ‚úÖ"
"üçΩÔ∏è Bahan-Bahan:"
"* 300‚Äì500 gram daging sapi (bagian has dalam atau sesuai selera)"
"* 1‚Äì2 sdm cuka apel"
"* 1 bungkus bumbu instan rasa barbeque"
"* 1 butir telur"
"* 1 sdm minyak goreng (untuk memanggang)"
"ü•© Cara Membuat:"
"1. Siapkan daging:"
"2. Rendam biar lembut:"
"   Ini penting banget biar daging cepat lunak waktu dimasak nanti."
"3. Bilas dan bumbui:"
"   Lalu tambahkan irisan bawang merah dan taburi bumbu instan barbeque di atasnya."
"4. Campur dengan telur:"
"   Pecahkan 1 butir telur ke dalam wadah berisi daging dan bumbu tadi."
"   Remas-remas semua bahan pelan-pelan supaya bumbu meresap sempurna ke dalam daging."
"5. Panggang:"
"   Panaskan pan datar (grill pan lebih bagus kalau ada) dengan sedikit minyak."
"   Bolak-balik daging beberapa kali sampai matang merata dan warnanya menggoda."
"6. Sajikan:"
"ü§§ Hasilnya?"
"Sumber Referensi: Chinese food"";[];https://www.youtube.com/watch?v=FUUsFL70tX4;resep homemade beef steak hemat enak pen gen makan beef steak dompet ber sahabat tenang banget rumah bahan sederhana mewah resep mudah steak daging sapi empuk bumbu meres bahan bahan gram daging sapi has sesuai selera sdm cuka apel siung bawang merah iris tipis bungkus bumbu instan barbe butir telur sdm minyak goreng gang mem daging potong daging sapi sesuai ket balan tebal tipis sesuai aja setela daging meng pisau tekstur empuk rendam biar lembut masuk daging wadah tuang cuka apel sdm rendam selam jam banget biar daging cepat lunak dim asak bilas bumbu setela dire dam cuci bersih daging iris bawang merah tabur bumbu instan barbe campur telur pecah butir telur wadah daging bumbu remas remas bahan pelan pelan bumbu meres sempurna daging panggang panas pan datar grill pan bagus minyak masuk daging panggang api bolak daging kali matang merat warna meng goda saji angkat daging pan tata piring saji dita mbah salad kentang goreng saus favorit biar kom lit hasil daging empuk juicy penuh kalah steak restoran ramah kantong hati selamat men coba lupa foto hasil share teman teman iler pen gen bain sumber referensi chine food;2616;359680;16;0.73;0;;;"
"3pwz7Y49MOU;youtube;masakan;;[];https://www.youtube.com/watch?v=3pwz7Y49MOU;;561;80116;3;0.7;0;;;"
"Yqek0RbwUQs;youtube;masakan;;[];https://www.youtube.com/watch?v=Yqek0RbwUQs;;157668;4360815;493;3.63;1;;;"
"1DKUpLlMJk0;youtube;masakan;;[];https://www.youtube.com/watch?v=1DKUpLlMJk0;;10427;764346;52;1.37;0;;;"
"UytZmRZ155o;youtube;masakan;""Talenan kayu besar : https://shope.ee/40FZ0PPNdj"
"Chopper : https://shope.ee/3pw8o8P8cs "
"Wadah saji sekat : https://shope.ee/7f8rNEVKcr"
"Nb:"
"Sejak punya  star chopper CH250 dari @mitochibaelectronic2604 adaa aja yg mau dibikin biar ringkas urusan masak-memasak karena : "
"‚ú® mesin kuat dengan tornado power"
"‚ú® 4 mata pisau yg tajam banget"
"‚ú® dual speed & low watt"
"‚ú® price 829.000 "
"TERSEDIA 4 PILIHAN WARNA :"
"* Pink Rush"
"* Nami Green"
"* Luxury Black"
"* White Glamour"
"Kegunaan Chopper ini tu banyak banget:"
"*triple blade dengan 9 mata pisau"
"*menggiling bumbu2 dapur"
"*menggiling halus daging sapi/ayam/ikan"
"*menghaluskan es batu"
"*mpasi anak"
"*mengocok telur"
"*membuat juice & bakso"
"*mencincang sayuran"
"9sewtwzYBeg;youtube;masakan;;[];https://www.youtube.com/watch?v=9sewtwzYBeg;;51400;3159087;357;1.64;1;;;"
"mgmx_2QVf9o;youtube;masakan;""ü§ç Baca Caption ü§ç"
"Bismillahirrahmanirrahim"
"‚ú® bikin ayam chili padi pakai mitochiba magic chopper ch200 by @mitochibaelectronic2604 ‚ú®"
"Ada yang suka makanan pedes juga ? Wajib cobain resep ini kalo bunda doyan pedes‚Ä¶"
"‚úÖ harga 729.000"
"‚úÖ 1 box isinya :"
"- 1x gelas besar 2 liter"
"- 1x gelas kecil 0.7liter"
"- 1 set pisau besar ( 3 tingkat 6 mata pisau)"
"- 1 set pisau kecil (2 tingkat 4 mata pisau)"
"- 2x pengocok telur atau cream"
"LIxLBhORdBE;youtube;masakan;;[];https://www.youtube.com/watch?v=LIxLBhORdBE;;0;1402737;105;0.01;0;;;"
"REk53LhXXcU;youtube;masakan;""Tumis Buncis Telur"
"150 gram buncis"
"2 butir telur ayam"
"7 siung bawang merah"
"3 siung bawang putih"
"10 buah cabe ragit"
"garam dan kaldu jamur secukupnya"
"minyak goreng"";[];https://www.youtube.com/watch?v=REk53LhXXcU;tumis buncis telur gram buncis butir telur ayam siung bawang merah siung bawang putih buah cabe ragi garam kaldu jamur minyak goreng;0;565451;43;0.01;0;;;"
"KTY_iEVcbc0;youtube;masakan;;[];https://www.youtube.com/watch?v=KTY_iEVcbc0;;2794;428402;6;0.65;0;;;"
"ftLC9DL6EKA;youtube;masakan;""Masakan Ndeso Terenak | Cocok Untuk Anak Kos Dan Saat Tangga Tua"
"on4u44P2wOc;youtube;masakan;;[];https://www.youtube.com/watch?v=on4u44P2wOc;;1376;337826;38;0.42;0;;;"
"5i51j3SvkPo;youtube;masakan;;[];https://www.youtube.com/watch?v=5i51j3SvkPo;;2940;357593;8;0.82;0;;;"
"jZXzW9aNlPA;youtube;masakan;""""""Klik Youtube Shopping Yang Ada Dilayar Untuk Dapatkan Produk Yang Aku Pakai"""""";[];https://www.youtube.com/watch?v=jZXzW9aNlPA;klik youtube shopping dila yar produk pakai;3670;188337;36;1.97;0;;;"
"q0QYc3Mk2aU;youtube;masakan;;[];https://www.youtube.com/watch?v=q0QYc3Mk2aU;;8828;903177;96;0.99;0;;;"
"TWYT8R9vzhs;youtube;masakan;;[];https://www.youtube.com/watch?v=TWYT8R9vzhs;;53412;3216103;728;1.68;1;;;"
"y-KhiwF0VNc;youtube;masakan;""Resep Nasi Goreng Solaria (untuk 2 porsi)"
"Bahan bumbu halus:"
"75 gr bawang putih"
"60 gr bawang merah"
"7 pcs udang kupas"
"3 batang daun bawang (bagian putih)"
"Bahan lainnya:"
"4 sdm saus tiram"
"3 sdm kecap ikan"
"2 sdm kecap asin"
"1 sdm minyak wijen"
"1 sdm margarin"
"¬æ sdt merica"
"100 ml minyak"
"Bahan nasi goreng:"
"400 gr nasi putih"
"2 butir telur"
"4 buah cabai rawit merah"
"1 buah cabai merah"
"2 buah baso ikan"
"2 batang daun bawang (bagian hijau)"
"50 gr ayam paha filet (marinasi dengan 1/8 sdt garam + 1/8 sdt merica + ¬Ω sdt maizena)"
"2 sdm minyak"
"2-3 sdm bumbu halus"
"¬Ω sdt gula pasir"
"¬Ω sdt penyedap"
"1 sdm kecap manis"
"Pelengkap:"
"acar timun"
"Cara membuat:"
"7. Nasi goreng¬†siap¬†disajikan"";[];https://www.youtube.com/watch?v=y-KhiwF0VNc;resep nasi goreng solar porsi bahan bumbu halus bawang putih bawang merah udang kupas batang daun bawang putih bahan sdm saus tiram sdm kecap ikan sdm kecap asin sdm minyak wijen sdm margarin sdt merica minyak bahan nasi goreng nasi putih butir telur buah cabai rawit merah buah cabai merah buah bas ikan batang daun bawang hijau ayam paha filet marina sdt garam sdt merica sdt maizena sdm minyak sdm bumbu halus sdt gula pasir sdt sedap sdm kecap manis pel kap acar timun mem masuk bawang putih bawang merah daun bawang putih udang blender halus halus panas minyak masuk bumbu halus aduk masuk merica tumis api wangi masuk saus tiram kecap ikan kecap asin minyak wijen tumis masuk margarin aduk iris cabai merah cabai rawit sisa daun bawang bas ikan ayam filet panas minyak masuk telur tumis masuk ayam bas ikan tumis matang masuk nasi bumbu dasar gula pasir sedap kecap manis masak nasi goreng dis aji;110732;1984994;266;5.59;1;;;"
"nfn9kNG3ryA;youtube;masakan;;[];https://www.youtube.com/watch?v=nfn9kNG3ryA;;20581;777691;146;2.67;0;;;"
"kKzdU0Y6g1I;youtube;masakan;""#cooking "
"#food "
"#masakanenakdanmudah"
"vdTX4IkTH8k;youtube;masakan;;[];https://www.youtube.com/watch?v=vdTX4IkTH8k;;116801;4576785;1264;2.58;1;;;"
"LDoev-mUUzw;youtube;masakan;;[];https://www.youtube.com/watch?v=LDoev-mUUzw;;38987;3307067;194;1.18;0;;;"
"shPl-rqpf70;youtube;masakan;;[];https://www.youtube.com/watch?v=shPl-rqpf70;;19928;1555247;182;1.29;0;;;"
"cMgOCOvamkU;youtube;masakan;;[];https://www.youtube.com/watch?v=cMgOCOvamkU;;24072;2292927;144;1.06;0;;;"
"cNLHZhDaBkQ;youtube;masakan;;[];https://www.youtube.com/watch?v=cNLHZhDaBkQ;;11662;931414;188;1.27;0;;;"
"kT_1NQIHrZQ;youtube;masakan;;[];https://www.youtube.com/watch?v=kT_1NQIHrZQ;;186261;8958400;1194;2.09;1;;;"
"G5Q-g51WNl0;youtube;masakan;;[];https://www.youtube.com/watch?v=G5Q-g51WNl0;;7220;694686;27;1.04;0;;;"
"Bahan:"
"Nasi (sudah didinginkan sebelum dibuat kimbab)"
"Telur"
"Wortel"
"Daun bawang"
"Tomat"
"(Sayur apa aja ok! Sesuai selera)"
"Bumbu telur:"
"Bawang putih bubuk"
"Kecap ikan (atau garam)"
"Lada"
"Bumbu nasi:"
"2-3 sdm centong nasi"
"1 sdm cuka"
"Sejumput gula (sedikit)"
"#najoonfamily"";['najoonfamily'];https://www.youtube.com/watch?v=by6q_IUZ-U8;ping anak anak makan rapi biar setela mudah beber menu andal bola bola nasi nas goreng arm tau kim bab telur mudah berg makan rapi hap aja hah bahan nasi did sebel dib kim bab telur wortel daun bawang tomat sayur aja sesuai selera kim nori pakai ber bumbu rasan gurih nori mama suka pakai nori kim bab sus bumbu telur bawang putih bubuk kecap ikan garam lada bumbu nasi sdm centong nasi sdm cuka jumput gula bentuk telur kim bab bulat cantik jenis beras kore beras short grain beras pulen dib and ing beras dip aka indonesia jasmine bas mati beras kore enak campur alias beras ketan hitam family family;74274;1829373;154;4.07;1;;;"
"t8Wytpwsz04;youtube;masakan;;[];https://www.youtube.com/watch?v=t8Wytpwsz04;;2959;487764;7;0.61;0;;;"
"qQEXgzKtp3g;youtube;masakan;Tahu sarang burung cocok untuk bekal sekolah;[];https://www.youtube.com/watch?v=qQEXgzKtp3g;sarang burung cocok bekal sekolah;47605;3117122;156;1.53;1;;;"
"aOeAa-8Wp-k;youtube;masakan;;[];https://www.youtube.com/watch?v=aOeAa-8Wp-k;;4038;701088;32;0.58;0;;;"
"4kwLb3573XA;youtube;masakan;;[];https://www.youtube.com/watch?v=4kwLb3573XA;;7402;400918;105;1.87;1;;;"
"8sLWhmMacFc;youtube;masakan;;[];https://www.youtube.com/watch?v=8sLWhmMacFc;;3365;609161;19;0.56;0;;;"
"E1x8-t29eDM;youtube;masakan;;[];https://www.youtube.com/watch?v=E1x8-t29eDM;;371;138432;6;0.27;0;;;"
"c0s-Z0Kiixc;youtube;masakan;;[];https://www.youtube.com/watch?v=c0s-Z0Kiixc;;6806;1128616;68;0.61;0;;;"
"9tut7PbVD_Q;youtube;masakan;""#tempekatsu"
"#tempegoreng"
"#dapurcantikchannel"
"RESEP TEMPE KATSU"
"- 1papan/250gr tempe"
"- 5sdm tepung bumbu serbaguna"
"- 2btr telur"
"- Tepung panir secukupnya"
"Happy Cooking"
"LOQbKEeFoLI;youtube;masakan;""Sebelumnya terimakasih yang udah mau bantu support Channel aku yah teman-temanü•∞üôèüèª Semoga Bermanfaat buat semuanyaüôèüèªü•∞ü•∞"
"Qd6cKbGKbxk;youtube;masakan;""9 RESEP SARAPAN SEHARI-HARI MUDAH DAN LEZAT || SEMUA ORANG MENYUKAINYA"
"#fluffykasih #resepmasakan #semua_resep "
"Subscribe Fluffy Kasih FREE"
"https://bit.ly/SubscribeFluffyKasih"
"https://youtube.com/c/CintaLala"
"Follow juga Instagram Fluffy Kasih "
"https://www.instagram.com/fluffy_kasih/ "
"RESEP  1(00:00-02:46)"
"BAHAN:"
"-2 liter air"
"-2 jagung manis"
"-1 ikat daun ubi rambat/janggel"
"-3 wortel"
"BUMBU:"
"-8 bawang merah"
"-5 bawang putih"
"-4 cm kencur"
"-2 daun salam"
"BUMBU LAINNYA :"
"-1 sdm bawang merah goreng"
"- garam secukupnya/ penyedap rasa secukupnya"
"RESEP  2(02:47-05:13)"
"BAHAN:"
"-1 ikat daun janggel"
"BAHAN SAMBAL TERASI:"
"-2 tomat"
"-5 cabai merah keriting"
"-15 cabai rawit merah"
"-6 bawang merah"
"-2 bawang putih"
"-1 jempol terasi"
"-1 jempol gula merah"
"-garam secukupnya"
"-penyedap rasa secukupnya"
"-minyak goreng secukupnya"
"RESEP  3(05:14-07:55)"
"BAHAN:"
"-1/2 kg telur"
"-minyak goreng secukupnya"
"BUMBU HALUS:"
"-20 cabe merah keriting"
"-12 bawang merah"
"-6 bawang putih"
"-3 tomat"
"BUMBU LAINNYA:"
"-garam secukupnya"
"-gula merah/pasir secukupnya"
"-penyedap rasa secukupnya"
"RESEP  4(07:56-10:47)"
"BAHAN:"
"-500 gram ikan tongkol"
"-500 gram terong"
"-minyak goreng secukupnya"
"-200 ml air"
"BUMBU HALUS:"
"-15 cabai merah keriting boleh di tambah cabai rawit kalo mau lebih pedes"
"-3 tomat "
"-12 bawang merah"
"-6 bawang putih "
"BUMBU LAINNYA:"
"-2 jempol gula merah"
"-garam secukupnya/penyedap rasa secukupnya "
"RESEP  5(10:48-14:15)"
"BAHAN:"
"-3 batang sawi"
"-2 wortel ukuran kecil"
"-segenggam toge "
"-2 tomat"
"-2 telur "
"BUMBU HALUS:"
"-8 cabai merah keriting"
"-6 bawang merah"
"-2 bawang putih"
"BUMBU LAINNYA:"
"-garam secukupnya"
"-penyedap rasa secukupnya"
"-gula pasir secukupnya"
"RESEP  6(14:16-18:35)"
"BAHAN ADONAN:"
"-1 kg kentang"
"-1 butir telur"
"bumbu:"
"-5 bawang putih"
"-1/2 sdt merica"
"-garam secukupnya"
"-penyedap rasa secukupnya "
"BAHAN BALURAN:"
"-2 butir telur"
"RESEP  7(18:36-21:30)"
"BAHAN:"
"-4 timun"
"-2 genggam toge"
"-minyak goreng secukupnya"
"BUMBU:"
"-3 bawang putih"
"-5 cabe rawit"
"-garam secukupnya"
"-penyedap rasa secukupnya"
"RESEP   8(21:31-24:25)"
"cara bikin sambel yang ada di Vidio klik di siniüëâhttps://youtu.be/LKlPI0pTews"
"BAHAN:"
"-3 sdm munjung asem Jawa(di rendam dengan 200 ml air)"
"-2 jagung"
"-1 labu Siem"
"-10 helai kacang panjang"
"-2 genggam toge kedele"
"-1 genggam daun mlinjo"
"-3 tomat"
"BUMBU:"
"-15 bawang merah"
"-8 bawang putih"
"-1 jempol lengkuas"
"-3 daun salam"
"-3 sdm gula pasir"
"-garam secukupnya"
"-penyedap rasa secukupnya"
"RESEP  9(24:26-29:38)"
"BAHAN:"
"-500 gram nangka muda"
"-minyak goreng secukupnya"
"BUMBU HALUS:"
"-15 cabai merah keriting"
"-12 bawang merah"
"-10 bawang putih"
"BUMBU LAINNYA:"
"-5 cabai hijau besar"
"-3 daun bawang"
"CUTmXlPAnX0;youtube;masakan;RESEP SAMBAL MATAH KECOMBRANG;[];https://www.youtube.com/watch?v=CUTmXlPAnX0;resep sambal mata kecombrang;16355;1038803;230;1.6;1;;;"
"Jx3NBiGjeig;youtube;masakan;;[];https://www.youtube.com/watch?v=Jx3NBiGjeig;;15381;1131006;23;1.36;1;;;"
"i_IUcEoUIpM;youtube;masakan;;[];https://www.youtube.com/watch?v=i_IUcEoUIpM;;6114;540847;38;1.14;0;;;"
"v0TM83KD_xg;youtube;masakan;;[];https://www.youtube.com/watch?v=v0TM83KD_xg;;7304;559927;17;1.31;0;;;"
"9XH2WrdNGpo;youtube;masakan;;[];https://www.youtube.com/watch?v=9XH2WrdNGpo;;6830;643024;31;1.07;0;;;"
